<?xml version="1.0"?>
<?xml-stylesheet type="text/xsl" href="configuration.xsl"?>
<!--
/**
 *
 * Licensed to the Apache Software Foundation (ASF) under one
 * or more contributor license agreements.  See the NOTICE file
 * distributed with this work for additional information
 * regarding copyright ownership.  The ASF licenses this file
 * to you under the Apache License, Version 2.0 (the
 * "License"); you may not use this file except in compliance
 * with the License.  You may obtain a copy of the License at
 *
 *     http://www.apache.org/licenses/LICENSE-2.0
 *
 * Unless required by applicable law or agreed to in writing, software
 * distributed under the License is distributed on an "AS IS" BASIS,
 * WITHOUT WARRANTIES OR CONDITIONS OF ANY KIND, either express or implied.
 * See the License for the specific language governing permissions and
 * limitations under the License.
 */
-->
<configuration>

	<!-- 指定HBase框架运行临时目录 -->
	<property >
		<name>hbase.tmp.dir</name>
		<value>/export/servers/hbase/data/tmp</value>
	</property>

	<!-- HBASE 表中数据存储在HDFS上根目录 -->
	<property >
		<name>hbase.rootdir</name>
		<value>hdfs://bigdata-cdh01.itcast.cn:8020/hbase</value>
	</property>

	<!-- HBase Cluster 集群运行在分布式模式下，伪分布式也是分布式 -->
	<property >
		<name>hbase.cluster.distributed</name>
		<value>true</value>
	</property>

	<!-- 告知HBase Cluster所依赖的ZK Cluster地址 -->
	<property>
		<name>hbase.zookeeper.quorum</name>
		<value>bigdata-cdh01.itcast.cn</value>
	</property>

	<!-- 配置压缩SNAPPY和LZ4 -->
	<!-- 
	<property>
		<name>hbase.master.check.compression</name>
		<value>true</value>
	</property>

	<property>
		<name>hbase.regionserver.codecs</name>
		<value>lz4</value>
	</property>
        -->

</configuration>
